Modelo,Acurácia,Precisão,Recall,F1-Score
Naive Bayes,0.6503957783641161,0.6478480294278448,0.6503957783641161,0.6489228409657349
Regressão Logística,0.6503957783641161,0.648886533675429,0.6503957783641161,0.6484403126736727
SVM,0.6464379947229552,0.6448176479859685,0.6464379947229552,0.6453100249521896
Random Forest,0.6213720316622692,0.6147147617973194,0.6213720316622692,0.6142556680299589
Gradient Boosting,0.6134564643799473,0.6114848259961478,0.6134564643799473,0.6090003035060304
