Método,Acurácia,Precisão,Recall,F1-Score
SentiLex Puro,0.43784639746634996,0.4885851786110722,0.43784639746634996,0.4413084155097351
Com Negação,0.43784639746634996,0.4885851786110722,0.43784639746634996,0.4413084155097351
Com Intensificadores,0.43784639746634996,0.4885851786110722,0.43784639746634996,0.4413084155097351
Híbrido,0.43784639746634996,0.4885851786110722,0.43784639746634996,0.4413084155097351
