nome,acuracia,precisao,recall,f1
Gradient Boosting,0.7071240105540897,0.7040807844847601,0.7071240105540897,0.7044076616247559
Regressão Logística,0.6820580474934037,0.6763494300510288,0.6820580474934037,0.6774388790941275
Random Forest,0.6596306068601583,0.6550169598669389,0.6596306068601583,0.6564988526109333
SVM,0.658311345646438,0.6538811909660557,0.658311345646438,0.6543229212424954
Naive Bayes,0.6240105540897097,0.6225687838749504,0.6240105540897097,0.6201686045572348
