Abordagem,Acurácia,Precisão,Recall,F1-Score
BERT Fine-Tuning Completo,0.7282321899736148,0.7237404964595865,0.7282321899736148,0.725127902538436
BERT Fine-Tuning Parcial,0.7242744063324539,0.7217609735186951,0.7242744063324539,0.7222457125037808
